224_Normal_AC,EPOCH,SENS,ESP
0.8215297450424929,5,1.0,0.5
0.8215297450424929,6,1.0,0.5
