Train,Test,224_Duplicated_AC,F1,EPOCH,SENS,ESP
RumexWeeds/20210806_hegnstrup/seq,RumexWeeds/20210806_stengard/seq,0.17055144968732233,0.0,5,0.0,1.0
RumexWeeds/20210806_hegnstrup/seq,RumexWeeds/20210806_stengard/seq,0.17055144968732233,0.0,10,0.0,1.0
RumexWeeds/20210806_hegnstrup/seq,RumexWeeds/20210806_stengard/seq,0.40420693575895394,0.45586708203530635,15,0.3008910212474297,0.9066666666666666
