Train,Test,224_Duplicated_AC,F1,EPOCH,SENS,ESP
RumexWeeds/20210806_hegnstrup/seq,RumexWeeds/20210908_lundholm/seq,0.263016157989228,0.2904062229904927,5,0.17463617463617465,0.8223684210526315
RumexWeeds/20210806_hegnstrup/seq,RumexWeeds/20210908_lundholm/seq,0.8671454219030521,0.9282945736434108,10,0.9958419958419958,0.05263157894736842
RumexWeeds/20210806_hegnstrup/seq,RumexWeeds/20210908_lundholm/seq,0.1400359066427289,0.018442622950819672,15,0.009355509355509356,0.9671052631578947
