Train,Test,224_Duplicated_AC,F1,EPOCH,SENS,ESP
RumexWeeds/20210806_stengard/seq,RumexWeeds/20210807_lundholm/seq,0.3649025069637883,0.5346938775510204,5,1.0,0.0
RumexWeeds/20210806_stengard/seq,RumexWeeds/20210807_lundholm/seq,0.3649025069637883,0.5346938775510204,7,1.0,0.0
RumexWeeds/20210806_stengard/seq,RumexWeeds/20210807_lundholm/seq,0.3649025069637883,0.5346938775510204,9,1.0,0.0
RumexWeeds/20210806_stengard/seq,RumexWeeds/20210807_lundholm/seq,0.3649025069637883,0.5346938775510204,11,1.0,0.0
RumexWeeds/20210806_stengard/seq,RumexWeeds/20210807_lundholm/seq,0.3649025069637883,0.5346938775510204,13,1.0,0.0
RumexWeeds/20210806_stengard/seq,RumexWeeds/20210807_lundholm/seq,0.3649025069637883,0.5346938775510204,15,1.0,0.0
