Train,Test,224_Duplicated_AC,F1,EPOCH,SENS,ESP
RumexWeeds/20210806_hegnstrup/seq,RumexWeeds/20211006_stengard/seq,0.16815988973121984,0.0,5,0.0,1.0
RumexWeeds/20210806_hegnstrup/seq,RumexWeeds/20211006_stengard/seq,0.16815988973121984,0.0,7,0.0,1.0
RumexWeeds/20210806_hegnstrup/seq,RumexWeeds/20211006_stengard/seq,0.16815988973121984,0.0,9,0.0,1.0
RumexWeeds/20210806_hegnstrup/seq,RumexWeeds/20211006_stengard/seq,0.27360441075120606,0.23065693430656933,11,0.1309030654515327,0.9795081967213115
RumexWeeds/20210806_hegnstrup/seq,RumexWeeds/20211006_stengard/seq,0.16815988973121984,0.0,13,0.0,1.0
RumexWeeds/20210806_hegnstrup/seq,RumexWeeds/20211006_stengard/seq,0.8318401102687801,0.908201655379985,15,1.0,0.0
